,1900
僵尸类别,篮
到达率,36.67%
到达数,1833378
总数,5000000
时刻min,1600
时刻max,1900
,
累积概率,
1600,0.0000016000
1601,0.0000102000
1602,0.0000266000
1603,0.0000490000
1604,0.0000812000
1605,0.0001244000
1606,0.0001700000
1607,0.0002262000
1608,0.0002866000
1609,0.0003580000
1610,0.0004340000
1611,0.0005162000
1612,0.0006126000
1613,0.0007218000
1614,0.0008356000
1615,0.0009520000
1616,0.0010782000
1617,0.0012176000
1618,0.0013750000
1619,0.0015414000
1620,0.0017186000
1621,0.0018886000
1622,0.0020688000
1623,0.0022750000
1624,0.0024846000
1625,0.0027118000
1626,0.0029358000
1627,0.0031756000
1628,0.0034228000
1629,0.0036866000
1630,0.0039630000
1631,0.0042570000
1632,0.0045540000
1633,0.0048620000
1634,0.0051960000
1635,0.0055130000
1636,0.0058424000
1637,0.0061904000
1638,0.0065500000
1639,0.0069316000
1640,0.0072996000
1641,0.0076982000
1642,0.0081064000
1643,0.0085094000
1644,0.0089414000
1645,0.0093986000
1646,0.0098436000
1647,0.0103056000
1648,0.0107630000
1649,0.0112584000
1650,0.0117670000
1651,0.0122768000
1652,0.0127932000
1653,0.0133102000
1654,0.0138374000
1655,0.0143798000
1656,0.0149524000
1657,0.0155134000
1658,0.0160988000
1659,0.0167002000
1660,0.0172954000
1661,0.0179044000
1662,0.0185142000
1663,0.0191484000
1664,0.0197854000
1665,0.0204400000
1666,0.0211084000
1667,0.0217856000
1668,0.0224788000
1669,0.0231666000
1670,0.0238640000
1671,0.0245962000
1672,0.0253236000
1673,0.0260722000
1674,0.0268088000
1675,0.0275472000
1676,0.0283144000
1677,0.0290922000
1678,0.0298872000
1679,0.0306756000
1680,0.0315042000
1681,0.0323040000
1682,0.0331354000
1683,0.0339550000
1684,0.0348084000
1685,0.0356618000
1686,0.0365300000
1687,0.0374226000
1688,0.0383098000
1689,0.0391968000
1690,0.0400858000
1691,0.0409858000
1692,0.0419212000
1693,0.0428724000
1694,0.0438110000
1695,0.0447498000
1696,0.0457258000
1697,0.0466844000
1698,0.0476766000
1699,0.0486780000
1700,0.0496890000
1701,0.0506796000
1702,0.0517050000
1703,0.0527408000
1704,0.0537736000
1705,0.0548162000
1706,0.0558590000
1707,0.0569346000
1708,0.0580402000
1709,0.0591324000
1710,0.0602430000
1711,0.0613616000
1712,0.0624852000
1713,0.0635952000
1714,0.0647328000
1715,0.0658912000
1716,0.0670808000
1717,0.0682304000
1718,0.0693908000
1719,0.0705734000
1720,0.0717680000
1721,0.0729512000
1722,0.0741440000
1723,0.0753644000
1724,0.0766294000
1725,0.0778692000
1726,0.0791108000
1727,0.0803574000
1728,0.0816146000
1729,0.0828980000
1730,0.0841962000
1731,0.0855110000
1732,0.0868278000
1733,0.0881376000
1734,0.0894530000
1735,0.0907786000
1736,0.0920956000
1737,0.0934308000
1738,0.0947896000
1739,0.0961616000
1740,0.0975158000
1741,0.0988988000
1742,0.1003078000
1743,0.1017366000
1744,0.1031642000
1745,0.1045910000
1746,0.1060398000
1747,0.1074698000
1748,0.1088960000
1749,0.1103938000
1750,0.1118804000
1751,0.1133678000
1752,0.1148326000
1753,0.1163274000
1754,0.1178232000
1755,0.1193366000
1756,0.1208840000
1757,0.1224076000
1758,0.1239312000
1759,0.1254864000
1760,0.1270226000
1761,0.1286034000
1762,0.1301580000
1763,0.1317216000
1764,0.1333028000
1765,0.1348868000
1766,0.1364982000
1767,0.1381340000
1768,0.1397468000
1769,0.1413966000
1770,0.1429956000
1771,0.1446194000
1772,0.1463036000
1773,0.1479440000
1774,0.1495924000
1775,0.1512328000
1776,0.1529298000
1777,0.1546316000
1778,0.1563078000
1779,0.1579866000
1780,0.1596904000
1781,0.1614112000
1782,0.1631284000
1783,0.1648414000
1784,0.1665484000
1785,0.1682508000
1786,0.1699890000
1787,0.1716974000
1788,0.1734606000
1789,0.1751954000
1790,0.1769260000
1791,0.1786746000
1792,0.1804160000
1793,0.1821620000
1794,0.1839346000
1795,0.1857014000
1796,0.1874764000
1797,0.1892272000
1798,0.1910126000
1799,0.1927986000
1800,0.1945676000
1801,0.1963528000
1802,0.1981404000
1803,0.1999536000
1804,0.2017530000
1805,0.2035164000
1806,0.2052920000
1807,0.2071064000
1808,0.2089238000
1809,0.2107196000
1810,0.2125094000
1811,0.2142738000
1812,0.2160512000
1813,0.2178416000
1814,0.2196538000
1815,0.2214182000
1816,0.2232130000
1817,0.2250216000
1818,0.2267900000
1819,0.2285862000
1820,0.2303924000
1821,0.2321964000
1822,0.2340242000
1823,0.2358266000
1824,0.2376514000
1825,0.2394250000
1826,0.2412396000
1827,0.2430902000
1828,0.2448820000
1829,0.2466272000
1830,0.2484552000
1831,0.2502112000
1832,0.2519824000
1833,0.2537314000
1834,0.2555000000
1835,0.2572660000
1836,0.2590350000
1837,0.2608048000
1838,0.2625832000
1839,0.2643332000
1840,0.2660842000
1841,0.2678368000
1842,0.2695828000
1843,0.2713444000
1844,0.2730438000
1845,0.2747636000
1846,0.2764846000
1847,0.2782288000
1848,0.2800032000
1849,0.2817600000
1850,0.2835158000
1851,0.2852274000
1852,0.2869252000
1853,0.2886450000
1854,0.2903706000
1855,0.2920796000
1856,0.2937884000
1857,0.2954952000
1858,0.2971724000
1859,0.2988884000
1860,0.3006002000
1861,0.3023058000
1862,0.3039730000
1863,0.3056578000
1864,0.3073404000
1865,0.3090258000
1866,0.3106822000
1867,0.3123734000
1868,0.3140630000
1869,0.3157366000
1870,0.3174254000
1871,0.3191212000
1872,0.3208188000
1873,0.3225034000
1874,0.3241362000
1875,0.3258154000
1876,0.3274750000
1877,0.3291108000
1878,0.3307860000
1879,0.3324148000
1880,0.3340692000
1881,0.3357296000
1882,0.3373876000
1883,0.3390354000
1884,0.3406592000
1885,0.3422568000
1886,0.3439208000
1887,0.3455746000
1888,0.3472358000
1889,0.3488550000
1890,0.3504762000
1891,0.3520848000
1892,0.3537030000
1893,0.3553276000
1894,0.3569668000
1895,0.3586034000
1896,0.3602108000
1897,0.3618128000
1898,0.3634206000
1899,0.3650492000
1900,0.3666756000
